﻿{
  /**
  * Авторство: Kotyarko_O, Ktulho & night_dragon_on
  * Страница на форуме: https://kr.cm/f/t/38834/  
  * Описание: скрипт предназначен для блокировки случайного выстрела по союзникам и трупам (уничтоженной технике).
  */
  "safeShot": {
    // true - активация работы дополнения.
    "enabled": true,
    // Отключение блокировок по зажатию клавиши.
  	"onHold": false,
    // Клавиша отключения аддона (список клавиш можно посмотреть в hotkeys.txt);
    // 0 - отключает возможность переключения.
	  "disableKey": 71,
    // Блокировка выстрелов по союзникам.
	  "teamShotBlock": false,
    // Разблокировка выстрелов по союзникам-тимкиллерам.
	  "teamKillerShotUnblock": true,
    // Блокировка выстрелов по уничтоженной технике.
    "deadShotBlock": true,
    // Время блокировки выстрела по цели после ее уничтожения (сек)
    // если параметр равен 0, то время не ограничено.    
    "deadShotBlockTimeOut": 4,
    // Блокировка выстрелов в никуда
	  "wasteShotBlock": false,
    // Отключить отображение уведомления при включении/отключении действия мода.
    "triggerMessage": true,
    // Уведомление, выводимое при включении/отключении действия мода.
    "triggerText": {
      // Текст уведомления при включении действия мода.
      "enabled": "SafeShot: on",
      // Текст уведомления при отключении действия мода.
      "disabled": "SafeShot: off"
    },
    // Уведомление, выводимое при блокировке выстрела (видит только игрок);
    "clientMessages": {
      // Текст уведомления при блокировке выстрела по союзникам;
      // Пустое значение - уведомление выводиться не будет.
      "teamShotBlockedMessage": "Team shot blocked! (on/off num7)",
      // Текст уведомления при блокировке выстрела по уничтоженной технике;
      // Пустое значение - уведомление выводиться не будет.
      "deadShotBlockedMessage": "Dead shot blocked!",
      // Текст уведомления при блокировке выстрела в никуда;
      // Пустое значение - уведомление выводиться не будет.
      "wasteShotBlockedMessage": "Waste shot blocked!"
    },
    // Сообщение, выводимое при блокировке выстрела по союзникам (отправляется в чат);
    // Пустое значение - сообщение выводиться не будет.
    // Доступные макросы: {{target-name}}, {{target-vehicle}}
    // Пример: "[{{target-vehicle}}], не мешай стрелять!"
    "chatMessages": {
      "teamShotBlockedMessage": ""
    }
  }
}