{
    "enable": true,
    "font": "default_small",
    "format": {
        "arcade": [
            "dbd7d2",
            "{aimTimeRemainText}"
        ],
        "sniper": [
            "dbd7d2",
            "{aimTimeRemainText}"
        ],
        "strategic": [
            "33CCCC",
            " ~{flyTime}сек.",
            "\n",
            "dbd7d2",
            "    {aimTimeRemainText}с."
        ]
    },
    "position": {
        "arcade": [
            0.2,
            -0.18,
            1.0
        ],
        "sniper": [
            0.25,
            -0.275,
            1.0
        ],
        "strategic": [
            0.14,
            -0.25,
            1.0
        ]
    }
}