{
    "UI": 1,
    "background": {
        "alpha": 80,
        "enable": false,
        "height": 90,
        "image": "gui/maps/bg.png",
        "width": 110,
        "x": 284,
        "y": 443
    },
    "battleMessage": "<font size=\"14\">{c_status} {c_battleMarkOfGun} ({currentMarkOfGun})</font>",
    "battleMessageAlt": "<font size=\"14\">{c_damageCurrent} ({c_damageNextPercent})</font>",
    "battleMessage{battleMarkOfGun}": "%.2f%%",
    "battleMessage{c_battleMarkOfGun}": "%s",
    "battleMessage{c_currentMarkOfGun}": "%s",
    "battleMessage{c_damageCurrentPercent}": "%s",
    "battleMessage{c_damageCurrent}": "%s",
    "battleMessage{c_damageNextPercent}": "%s",
    "battleMessage{c_damageToMark100}": "%s",
    "battleMessage{c_damageToMark65}": "%s",
    "battleMessage{c_damageToMark85}": "%s",
    "battleMessage{c_damageToMark95}": "%s",
    "battleMessage{c_damageToMarkInfoLevel}": "%s",
    "battleMessage{c_damageToMarkInfo}": "%s",
    "battleMessage{c_nextMarkOfGun}": "%s",
    "battleMessage{c_status}Down": "V",
    "battleMessage{c_status}Unknown": "~",
    "battleMessage{c_status}Up": "Δ",
    "battleMessage{currentMarkOfGun}": "%.2f%%",
    "battleMessage{damageCurrentPercent}": "[<b>%.0f</b>]",
    "battleMessage{damageCurrent}": "[<b>%.0f</b>]",
    "battleMessage{damageNextPercent}": "[<b>%.0f</b>]",
    "battleMessage{damageToMark100}": "<b>100%%:%.0f</b>",
    "battleMessage{damageToMark65}": "<b>65%%:%.0f</b>, ",
    "battleMessage{damageToMark85}": "<b>85%%:%.0f</b>",
    "battleMessage{damageToMark95}": "<b>95%%:%.0f</b>, ",
    "battleMessage{damageToMarkInfoLevel}": "%s%%",
    "battleMessage{damageToMarkInfo}": "%s",
    "battleMessage{nextMarkOfGun}": "%.1f%%",
    "battleMessage{status}Down": "<img src=\"img://gui/maps/icons/messenger/status/24x24/chat_icon_user_is_busy.png\" vspace=\"-5\"/>",
    "battleMessage{status}Unknown": "<img src=\"img://gui/maps/icons/messenger/status/24x24/chat_icon_user_is_busy_violet.png\" vspace=\"-5\"/>",
    "battleMessage{status}Up": "<img src=\"img://gui/maps/icons/messenger/status/24x24/chat_icon_user_is_online.png\" vspace=\"-5\"/>",
    "downColor": 21,
    "enabled": true,
    "shadow": {
        "alpha": 100,
        "angle": 0,
        "color": "#000000",
        "distance": 0,
        "enable": true,
        "size": 1,
        "strength": 100
    },
    "showInBattle": true,
    "showInReplay": true,
    "showInStatistic": true,
    "showInTechTree": false,
    "showInTechTreeMarkOfGunPercent": true,
    "showInTechTreeMarkOfGunPercentFirst": false,
    "showInTechTreeMarkOfGunTankNameColored": false,
    "showInTechTreeMastery": false,
    "techTreeMarkOfGunPercentSize": 12,
    "techTreeMarkOfGunTankNameColoredOnlyMarkOfGun": true,
    "techTreeMasterySize": 16,
    "text": {
        "alignX": "left",
        "alignY": "top",
        "font": "$FieldFont",
        "x": 140,
        "y": 36
    },
    "unknownColor": 21,
    "upColor": 18
}