﻿{
    "mode": "hPField",
    "dMField": {
    	"left": {
    	    "x": -10,
    	    "y": 10
    	},
    	"right": {
    	    "x": 10,
    	    "y": 10
    	},
    	"shadow": {
    	    "alpha": 100,
    	    "angle": 0,
    	    "color": "#000000",
    	    "distance": 0,
    	    "size": 4,
    	    "strength": 100
    	},
		"colorTeam": {
		    "left": "#90EE90",
			"right": "#FFBCAD"
		},
		"team": ["left", "right"], 
		"format": "<font size='9' color='#FFBCAD' face='Trebuchet MS'><b>{damage}</b></font>"
	},
	"hPField": {
	    "hpBg": {
		   "left": {
                "x": 80,
                "y": 0
            },
            "right": {
                "x": -90,
                "y": 0
            },
			"format": "<img src='img://../mods/configs/DMod/ppHP/hpBg.png' width='70' height='12'>"
		},
	    "hpBar": {
	        "left": {
                "x": 80,
                "y": 4,
				"width": 70
            },
            "right": {
                "x": -65,
                "y": 4,
				"width": 70
            },
			"format": "<img src='img://../mods/configs/DMod/ppHP/hpBar_{team}.png' width='{width}' height='12'>"
	    },
		"hpText": {
	        "left": {
                "x": 115,
                "y": 4,
				"align": "center"
            },
            "right": {
                "x": -100,
                "y": 4,
				"align": "center"
            },
			"shadow": {
        		"alpha": 100,
        		"angle": 0,
       		 	"color": "#000000",
        		"distance": 0,
        		"size": 4,
        		"strength": 100
    		},
			"format": "<font size='9' color='#dbd7d2' face='Trebuchet MS'>{currentHP}/{maxHP}</font>"
	    },
		"team": ["", "right"]
	
	}
	
	
	
}