{
    "enable": true,
	"widget": {
	    "alignX": "center",
        "alignY": "top",
		"x": 70,
        "y": 120,
	    "winrate": "<font color='#80D639'>Победы<tab><tab>{wins}%</font><tab><tab><font color='#80D639'>{next}</font> до <font color='#fdeaa8'>{nextWin}%</font> <font color='#80D639'><br>Боёв {battle}</font>",
	    "format": "<textformat tabstops='[40, 110, 140, 210, 240]'><b><font face='$FieldFont' size='14'><font color='{colorWN8}'>WN8:<tab>{wn8}</font><tab><font color='{colorEFF}'>EFF:<tab>{eff}</font><tab><font color='{colorXTE}'>xTE:<tab>{xte}</font><br>{winrate}</font></b></textformat>"
	}
}