{
    "angles": {
        "left": "<img src='img://../mods/configs/DMod/Angles/Left.png'>",
        "leftLimit": "<img src='img://../mods/configs/DMod/Angles/Left_limit.png'>",
        "right": "<img src='img://../mods/configs/DMod/Angles/Right.png'>",
        "rightLimit": "<img src='img://../mods/configs/DMod/Angles/Right_limit.png'>"
    },
    "offset": {
        "left": -27,
        "right": 0,
        "y": 20
    },
    "shadow": {
        "alpha": 100,
        "angle": 90,
        "color": "#000000",
        "distance": 0,
        "enable": true,
        "size": 2,
        "strength": 200
    }
}