{
    "auto": "Auto",
    "autoFixation": true,
    "distMin": 50,
    "distPostTime": 5.0,
    "enable": true,
    "font": "system_large",
    "format": [
        "FF9966",
        "{auto}Fix: ",
        "99CCCC",
        "{dist}m"
    ],
    "keyFixation": "key_e",
    "position": {
        "arcade": [
            0.0,
            0.25,
            1.0
        ],
        "sniper": [
            0.0,
            0.25,
            1.0
        ],
        "strategic": [
            0.0,
            0.25,
            1.0
        ]
    }
}