﻿{
    ${"multiHitLog/colors.json"},
	${"multiHitLog/dmgLog.json"},
	${"multiHitLog/expD.json"},
	${"multiHitLog/hitLog.json"},
	${"multiHitLog/hitLogHeader.json"},
	${"multiHitLog/infoPanel.json"},
	${"multiHitLog/dmgBlock.json"},
	${"multiHitLog/efficiencyBlock.json"},	
	${"multiHitLog/timerLog.json"},
    "allyText": "Союзн.",
    "assumeBrothersInArms": false,
    "assumeGoldConsumable": false,
    "assumeGunRammer": false,
    "assumeVentilation": false,
    "attackReasons": ["атака","пожар","таран","падение","БК","утоп"],
    "groupHitLog": true,
    "killedtext": "<img src='img://../mods/configs/Dmod/multiHitLog/Damagedp/skull.png' width='17' height='17' vspace='-4'>",
    "shellType": {
        "ap": "ББ",
        "apcr": "БП",
        "apcrG": "БП",
        "he": "ОФ",
        "heatG": "БК",
        "heshG": "БФ"
    },
    "showAlly": true,
    "showBounce": true,
    "showPen": true,
	"indexHit": {
        "armor": " <font face='Trebuchet MS' size='9' color='#dbd7d2'>не пробил</font>",
        "damage": " <font color='#DEB887'>пробил броню</font>",
        "resisted": " <font face='Trebuchet MS' size='9' color='#DEB887'>по модулю</font>",
        "ricochet": " <font face='Trebuchet MS' size='9' color='#dbd7d2'>рикошет</font>"
    },
    "vehicleType": {
        "AT-SPG": "<img src='img://gui/maps/icons/vehicleTypes/at-spg.png' width='16' height='16' align='baseline' vspace='-4'>",
        "SPG": "<img src='img://gui/maps/icons/vehicleTypes/spg.png' width='16' height='16' align='baseline' vspace='-4'>",
        "heavyTank": "<img src='img://gui/maps/icons/vehicleTypes/heavyTank.png' width='16' height='16' align='baseline' vspace='-4'>",
        "lightTank": "<img src='img://gui/maps/icons/vehicleTypes/lightTank.png' width='16' height='16' align='baseline' vspace='-4'>",
        "mediumTank": "<img src='img://gui/maps/icons/vehicleTypes/mediumTank.png' width='16' height='16' align='baseline' vspace='-4'>"
    }
}