﻿{
    "autoReloadConfig": true,
    "background": {
        "alpha": 30,
        "enable": false,
        "height": 45,
        "image": "gui/maps/bg.png",
        "width": 165,
        "x": -4,
        "y": -2
    },
    "backgroundColor": {
        "alpha": 60,
        "color": "#ff0000",
        "enable": false,
        "height": 34,
        "width": 265,
        "x": -5,
        "y": -4
    },
    "dayOfWeek": {
        "Fr": "Пятница",
        "Mo": "Понедельник",
        "Sa": "Суббота",
        "Su": "Воскресенье",
        "Th": "Четверг",
        "Tu": "Вторник",
        "We": "Среда"
    },
    "enable": true,
    "month": {
        "Apr": "Апреля",
        "Aug": "Августа",
        "Dec": "Декабря",
        "Feb": "Февраля",
        "Jan": "Января",
        "Jul": "Июля",
        "Jun": "Июня",
        "Mar": "Марта",
        "May": "Мая",
        "Nov": "Ноября",
        "Oct": "Октября",
        "Sep": "Сентября"
    },
    "shadow": {
        "alpha": 100,
        "angle": 0,
        "color": "#000000",
        "distance": 0,
        "enable": true,
        "size": 1,
        "strength": 100
    },
    "text": {
        "alignX": "right",
        "alignY": "top",
        "enable": true,
        "format": "<font font='$FieldFont' size='14'><textformat tabstops=\"[80]\">{date}.{month}.{fullYear} </font><tab><font font='$FieldFont' color='#99CC99' size='25'>{hour}:{minute}<tab></font></textformat>",
        "x": -218,
        "y": 53
    }
}