{
    "altKey": "LALT", // клавиша показа целеуказателя скрытой техники, если он выключен
	// настройки цветовой гаммы целеуказателей, возможные варианты (green, red, purple)
    "color": {
        "direct": "purple", // целеуказатель наведённой техники
        "hidden": "green", // целеуказатель скрытой техники
        "opened": "red" // целеуказатель открытой техники
    },
    "enable": true, // вкл/выкл. мода по умолчанию
    "indicator": {
        "count": 5, // ограничение по количеству одновременно отображаемых целеуказателей с сортировкой по приоритету,  1-ю очеред - direct, во 2-ю - opened, и в 3-ю - hidden, внутри групп сортировка по расстоянию, если 0, то ограничение отключено 
        "distance": 750.0, // расстояние до цели при котором включаются целеуказатели
        "gunAngle": 10, // угол наведённого орудия цели при котором включается пурпурный целеуказатель, в градусах
        "option": 2, // вариант включения 1-3 (1-только направленные стволы, 2-направленные стволы и не за препятствием, 3-все)
        "relatRadius": 0.5, // коэффициент определяющий радиус целеуказателей, от 0.0 до 1.0
        "vehicleDistance": true, // вкл/выкл. отображение расстояния в целеуказателе
        "vehicleName": true // вкл/выкл. названия техники в целеуказателе
    },
    "toggleKey": "LALT and NUMPAD5" // клавиша переключения режимов
}