{
    "background": {
        "alpha": 80,
        "enable": false,
        "height": 90,
        "image": "gui/maps/bg.png",
        "width": 110,
        "x": 284,
        "y": 443
    },
    "enable": true,
    "mainGun": {
        "dynamic": true,
        "format": "{mainGunIcon}{mainGunDoneIcon}{mainGunFailureIcon}<font color='#E0E06D'>{mainGun}</font>",
        "mainGunDoneIcon": "<img src='img://gui/maps/icons/library/done.png' width='18' height='18' vspace='-5'>",
        "mainGunFailureIcon": "<img src='img://gui/maps/icons/library/icon_alert_32x32.png' width='18' height='18' vspace='-5'>",
        "mainGunIcon": "<img src='img://gui/maps/icons/achievement/32x32/mainGun.png' width='18' height='18' vspace='-5'>"
    },
    "shadow": {
        "alpha": 100,
        "angle": 0,
        "color": "#000000",
        "distance": 0,
        "enable": true,
        "size": 4,
        "strength": 100
    },
    "text": {
        "alignX": "left",
        "alignY": "top",
        "format": "<font size=\"14\" face=\"$IMELanguageBar\"><b>Калибр: {mainGun}</b></font>",
        "x": 1550,
        "y": 34
    }
}