{
    "markOfMastery": {
        "enable": true,
        "left": {
            "x": 32,
            "y": 5
        },
        "right": {
            "x": -32,
            "y": 5
        },
        "shadow": {
            "alpha": 100,
            "angle": 90,
            "color": "#000000",
            "distance": 0,
            "size": 2,
            "strength": 200
        },
        "text": "<img src='img://gui/maps/icons/library/proficiency/class_icons_{mark}.png' width='18' height='18' />"
    },
    "marksOnGun": {
        "enable": false,
        "left": {
            "x": 0,
            "y": 0
        },
        "right": {
            "x": 0,
            "y": 0
        },
        "shadow": {
            "alpha": 100,
            "angle": 90,
            "color": "#000000",
            "distance": 0,
            "size": 2,
            "strength": 200
        },
        "text": "<img src='img://gui/maps/icons/marksOnGun/67x71/{name}_{marks}_mark.png' width='20' height='20' />"
    }
}