{
    "allyHighColor": "#00ff2d",
    "attackColor": "#f200da",
    "distanceClose": 0,
    "distanceFar": 1000,
    "enable": true,
    "enableKey": "LCONTROL and NUMPAD1",
    "enemyHighColor": "#f00c0c",
    "enemyRentColor": "#bdbdbd",
    "forObstacleOnlyEnemies": true,
    "freeAttackMarker": true,
    "reloadConfig": true,
    "reloadConfigKey": "LCONTROL and NUMPAD3",
    "sniperKey": "LCONTROL and NUMPAD2",
    "sniperOnly": false,
    "viewAngle": 0.8,
    "viewAngleEnable": true
}