{
    "GUIStatistics": {
        "ShowItems": {
            "TeamChances": true
        }
    },
    "TeamChances": {
        "CompareValuesColor": {
            "BestValue": "#90EE90",
            "WorstValue": "#FFBCAD"
        },
        "Font": {
            "Bold": false,
            "Color": "#DBD7D2",
            "Italic": false,
            "Name": "$FieldFont",
            "Shadow": true,
            "Size": 14
        },
        "background": {
            "alpha": 80,
            "enable": false,
            "height": 90,
            "image": "gui/maps/bg.png",
            "width": 110,
            "x": 284,
            "y": 443
        },
        "shadow": {
            "alpha": 100,
            "angle": 0,
            "color": "#000000",
            "distance": 0,
            "enable": true,
            "size": 1,
            "strength": 100
        },
        "text": {
            "alignX": "right",
            "alignY": "top",
            "format": "{{header}}: {{allyChance}} {{compareSign}} {{enemyChance}}",
            "x": -250,
            "y": 443
        }
    }
}