﻿{
    // Направление стволов союзников
    "ally": {
        "enabled": true, // вкл/выкл показа стволов союзников
        "vehicleType": ["SPG"] // показ стволов по типу техники (SPG - арта, AT-SPG - пт-сау, lightTank - легкий танк , mediumTank - средний танк, heavyTank - тяжелый танк), ["SPG","lightTank","mediumTank"]
    },
	// Направление стволов противников
    "enemy": {
        "enabled": true // вкл/выкл показа стволов противников
    },
	// Направление стволов созводных
	"squad": true, // вкл/выкл показа стволов созводных
	// Настройки мода
    "settings": {
        "active": true, // вкл/выкл мода при загрузке игры
        "hotKeyActive": "KEY_NUMPAD6" // вкл/выкл мода при нажатии клавиши в бою, для сочитания пишем "and" (KEY_NUMPAD6 and KEY_NUMPAD9)
    }
}