{
    "AT-SPG": {
        "color": "#AFDAFC",
        "enable": false
    },
    "SPG": {
        "color": "#B48764",
        "enable": false
    },
    "heavyTank": {
        "color": "#CC3333",
        "enable": true
    },
    "lightTank": {
        "color": "#33CC66",
        "enable": true
    },
    "mediumTank": {
        "color": "#FFCC66",
        "enable": true
    },
    "settings": {
        "alpha": 80,
        "angle": 0,
        "distance": 0,
        "size": 0,
        "strength": 100
    }
}