{
    "altKey": "KEY_LALT", // при удержании показывает все лазеры противника
    "enable": true, // Вкл.мода по умолчанию
    "laser": {
        "color": "red", // цвет лазера по умолчанию, если colorPiercing = false, возможные варианты (green, blue, red, purple, orange, yellow, wite)
        "colorPiercing": false, // Вкл. цветовую индикацию пробития, зелёный - маловероятно, оранжевый - вероятно, пурпурный - наверняка пробьёт
        "dirGunAngle": 30, // Угол направления орудия для срабатывания включения лазера, в град.
        "flash": false, // Вкл. мерцание лазера
        "flashOffset": 0.8, // Коэффициент частоты мерцания
        "obstacle": true // Просвечивать препятствия на дальнем расстоянии, на близком просвечиваются всегда
    },
    "toggleKey": "LALT and KEY_NUMPAD1" // Клавиша переключения режимов
}