{
 "showStatForBattle": true,
 "battleStatPatterns": [
 ],
 "battleStatText": [
 "\n<textformat tabstops='[25,155]'><img src='img://../mods/configs/DMod/wotstat_img/removeGold.png' width='16' height='16' align='baseline' vspace='-10'>\t<font size='13' color='#CDC673'>Ремонт:</font>\t<font color='#FFFFF0'>{{autoRepair}}</font> <img src='img://../mods/configs/DMod/wotstat_img/credits.png' width='11' height='11' align='baseline' vspace='0'>",
 "<img src='img://../mods/configs/DMod/wotstat_img/item11.png' width='16' height='16' align='baseline' vspace='-14'>\t<font  size='13' color='#CDC673'>Боеприпасы:</font>\t<font color='#FFFFF0'>{{autoLoad}}</font> <img src='img://../mods/configs/DMod/wotstat_img/credits.png' width='11' height='11' align='baseline' vspace='0'>",
 "<img src='img://../mods/configs/DMod/wotstat_img/rasm.png' width='16' height='16' align='baseline' vspace='-3'>\t<font size='13' color='#CDC673'>Расходные материалы:</font>\t<font color='#FFFFF0'>{{autoEquip}}</font> <img src='img://../mods/configs/DMod/wotstat_img/credits.png' width='11' height='11' align='baseline' vspace='0'>",
 "\n<img src='img://../mods/configs/DMod/wotstat_img/ob.png' width='16' height='16' align='baseline' vspace='-4'>\t<font size='13' color='#CDC673'>Итого:</font>\t<font color='{{c:netCredits}}'>{{netCredits}}</font> <img src='img://../mods/configs/DMod/wotstat_img/credits.png' width='11' height='11' align='baseline' vspace='1'></textformat>",
 "\n<img src='img://../mods/configs/DMod/wotstat_img/iconUpgrade.png' width='16' height='14' align='baseline' vspace='-3'><font color='{{g:medPlace}}'>{{medPlace:d}}</font> <font  size='12' color='#CCFFCC'>   РЭ: <font size='13' color='{{g:EFF}}'>{{EFF}} </font> <font  size='12' color='#FFCCFF'>    WN8: <font  size='13' color='{{g:WN8}}'>{{WN8}}</font>"
 ],
 "battleResultsWindow": {
 "enable": true,
 "format": "<textformat leading='-2' tabstops='[5,250]'>\t<font color='#C1BFB7' size='14'>{{arenaType}} - {{arenaGuiType}}\tWN8: <font color='{{g:WN8}}'>{{WN8}} ({{XWN8}})</font>  EFF: <font color='{{g:EFF}}'>{{EFF}} ({{XEFF}})</font></font></textformat>"
 },
 "hideMessagePatterns": [
 ],
 "debugBattleResultMessage": false,
 "onlineReloadConfig": false,
 "ignoreBattleType": [0, 2, 3, 4, 5, 6, 7, 8, 9, 10, 11, 12, 13, 14, 15, 16, 17, 18, 19, 20, 21, 22, 23, 24, 25],
 "dailyAutoReset": false,
 "dailyAutoResetHour": 3,
 "clientReloadReset": false,
 "icon": "",
 "enableBattleEndedMessage": true,
 "battleEndedMessageDefeat": "<img src='img://../mods/configs/DMod/wotstat_img/splitdefeat.png' width='283' height='1' align='baseline' vspace='0'>\n<img src='img://../mods/configs/DMod/wotstat_img/resultdefeat.png' width='16' height='16' align='baseline' vspace='-4'> <font color='#999999'><font color='#F02828'>Поражение!</font> <font color='#A3966E'>{{map}}</font> - <font color='#C5AB5D'>{{vehicle}}</font></font>\n<img src='img://../mods/configs/DMod/wotstat_img/xp.png' width='16' height='16' align='baseline' vspace='-3'><font color='#A0CFFF'><b>{{xp}}</b></font><tab><img src='img://../mods/configs/DMod/wotstat_img/credits.png' width='16' height='16' align='baseline' vspace='-4'><font color='{{c:color}}'><b>{{credits}}</b></font><tab><img src='img://gui/maps/icons/vehicle/small/{{vehicle-name}}.png' width='72' height='18' align='baseline' vspace='-3'>\n<img src='img://../mods/configs/DMod/wotstat_img/splitdefeat.png' width='283' height='1' align='baseline' vspace='0'>",
 "battleEndedMessageDraw": "<img src='img://../mods/configs/DMod/wotstat_img/splitdraw.png' width='283' height='1' align='baseline' vspace='0'>\n<img src='img://../mods/configs/DMod/wotstat_img/resultdraw.png' width='16' height='16' align='baseline' vspace='-4'> <font color='#999999'><font color='#FFCC00'>Ничья!</font> <font color='#A3966E'>{{map}}</font> - <font color='#C5AB5D'>{{vehicle}}</font></font>\n<img src='img://../mods/configs/DMod/wotstat_img/xp.png' width='16' height='16' align='baseline' vspace='-3'><font color='#A0CFFF'><b>{{xp}}</b></font><tab><img src='img://../mods/configs/DMod/wotstat_img/credits.png' width='16' height='16' align='baseline' vspace='-4'><font color='{{c:color}}'><b>{{credits}}</b></font><tab><img src='img://gui/maps/icons/vehicle/small/{{vehicle-name}}.png' width='72' height='18' align='baseline' vspace='-3'>\n<img src='img://../mods/configs/DMod/wotstat_img/splitdraw.png' width='283' height='1' align='baseline' vspace='0'>",
 "battleEndedMessageWin": "<img src='img://../mods/configs/DMod/wotstat_img/splitwin.png' width='283' height='1' align='baseline' vspace='0'>\n<img src='img://../mods/configs/DMod/wotstat_img/resultwin.png' width='16' height='16' align='baseline' vspace='-4'> <font color='#999999'><font color='#66CC66'>Победа!</font> <font color='#A3966E'>{{map}}</font> - <font color='#C5AB5D'>{{vehicle}}</font></font>\n<img src='img://../mods/configs/DMod/wotstat_img/xp.png' width='16' height='16' align='baseline' vspace='-3'><font color='#A0CFFF'><b>{{xp}}</b></font><tab><img src='img://../mods/configs/DMod/wotstat_img/credits.png' width='16' height='16' align='baseline' vspace='-4'><font color='{{c:color}}'><b>{{credits}}</b></font><tab><img src='img://gui/maps/icons/vehicle/small/{{vehicle-name}}.png' width='72' height='18' align='baseline' vspace='-3'>\n<img src='img://../mods/configs/DMod/wotstat_img/splitwin.png' width='283' height='1' align='baseline' vspace='0'>",
 "bgIcon": "../../../mods/configs/DMod/wotstat_img/BG_stats.png",
 "overwriteBattleResultBgIcon": false,
 "bgIconDefeat": "img://../mods/configs/DMod/wotstat_img/resultdefeat.png",
 "bgIconDraw": "img://../mods/configs/DMod/wotstat_img/resultdraw.png",
 "bgIconWin": "img://../mods/configs/DMod/wotstat_img/resultwin.png",
 "info": false,
 "text": [
 "<font size='16' color='#FFE6B3'>Нет проведенных боев </font>"
 ],  
 "template": [
 "<textformat tabstops='[90,110,165]'><font size='13' color='#AE6E2D'>Боевые финансы:</font>",
 "<img src='img://../mods/configs/DMod/wotstat_img/line.png' width='220' height='4' align='baseline' vspace='0'>",
 "<font size='12' color='#CDC673'>Общий доход:<tab><img src='img://../mods/configs/DMod/wotstat_img/credits.png' width='16' height='16' align='baseline' vspace='-2'><tab><font color='#FFFFFF'>{{grossCredits}}</font></font>",
 "<font size='12' color='#CDC673'>За услуги:<tab><img src='img://../mods/configs/DMod/wotstat_img/credits.png' width='16' height='16' align='baseline' vspace='-2'><tab><font color='#FFFFFF'>{{service}}</font></font>", 
 "<font size='12' color='#CDC673'><b>Чистая прибыль:<tab><img src='img://../mods/configs/DMod/wotstat_img/credits.png' width='16' height='16' align='baseline' vspace='-2'><tab><font color='{{c:netCredits}}'>{{netCredits}}</font></b></font>\n",

 "<font size='13' color='#AE6E2D'>Статистика за сессию:</font>",
 "<img src='img://../mods/configs/DMod/wotstat_img/line.png' width='220' height='4' align='baseline' vspace='0'>",
 "<font size='12' color='#999999'>Побед / Боев:<tab><img src='img://../mods/configs/DMod/wotstat_img/flag.png' width='14' height='14' align='baseline' vspace='-4'><tab><b><font color='{{g:avgWinRate}}'>{{winsCount}}</font> (<font color='#FFFFFF'>{{battlesCount}}</font>)<tab>(<font color='{{g:avgWinRate}}'>{{avgWinRate:1f}}%</font>)</b></font>",
 "<font size='12' color='#999999'>Свободный опыт:<tab><img src='img://../mods/configs/DMod/wotstat_img/freexp.png' width='16' height='16' align='baseline' vspace='-4'><tab><b><font color='#CD853F'>{{totalFreeXP}}</font></b></font>",
 "<font size='12' color='#99CCCC'>Боны:<tab><img src='img://../mods/configs/DMod/wotstat_img/crystal_16x16.png' width='16' height='16' align='baseline' vspace='-2'><tab><font color='#99CCCC'>{{totalCrystal}}</font></b></font>\n",
 "<font size='12' color='#999999'>Убийств:<tab><b><img src='img://../mods/configs/DMod/wotstat_img/destruction.png' width='16' height='16' align='baseline' vspace='-4'><tab><font color='#FFFFFF'>{{totalFrag}}</font><tab>(<font color='#FFFFFF'>{{avgFrag:1f}}</font>)</b></font>",
 "<font size='12' color='#999999'>Смертей:<tab><img src='img://../mods/configs/DMod/wotstat_img/skull.png' width='16' height='16' align='baseline' vspace='-4'><tab><b><font color='#FFFFFF'>{{totalDeathsCount}}</font><tab>(<font color='#FFFFFF'>{{deathsRate:1f}}%</font>)</b></font>",
 "<font size='12' color='#999999'>Попаданий:<tab><img src='img://../mods/configs/DMod/wotstat_img/scope.png' width='16' height='16' align='baseline' vspace='-4'><tab><b><font color='#FFFFFF'>{{totalHits}}</font> / <font color='#FFFFFF'>{{totalShots}}</font><tab>(<font color='{{g:avgHitsRate}}'>{{avgHitsRate:1f}}%</font>)</b></font>",
 "<font size='12' color='#999999'>Нанесено урона:<tab><img src='img://../mods/configs/DMod/wotstat_img/damaged.png' width='16' height='16' align='baseline' vspace='-4'><tab><b><font color='#FFFFFF'>{{totalDmg}}</font><tab>(<font color='#FFFFFF'>{{avgDamage}}</font>)</b></font>",
 "<font size='12' color='#999999'>Получено урона:<tab><img src='img://../mods/configs/DMod/wotstat_img/damager.png' width='16' height='16' align='baseline' vspace='-4'><tab><b><font color='#FFFFFF'>{{totalDmgRec}}</font><tab>(<font color='#FFFFFF'>{{avgDamageRec}}</font>)</b></font>",
 "<font size='12' color='#999999'>Засвеченно:<tab><img src='img://../mods/configs/DMod/wotstat_img/detection.png' width='16' height='16' align='baseline' vspace='-4'><tab><b><font color='#FFFFFF'>{{totalSpot}}</font><tab>(<font color='#FFFFFF'>{{avgSpot:1f}}</font>)</b></font>\n",
 "<font size='12' color='#999999'>Р.Э. / WN8:<tab><b><font color='{{g:EFF}}'>{{EFF}}</font> (<font color='{{g:EFF}}'>{{XEFF}}</font>)<tab><tab><font color='{{g:WN8}}'>{{WN8}}</font> (<font color='{{g:WN8}}'>{{XWN8}}</font>)</b></font></textformat>",
 "\n\n<p align='center'><img src='img://../mods/configs/DMod/wotstat_img/btn_general_on.png' width='71' height='30' align='baseline' vspace='0'>{{ButtonTanks}}{{ButtonReset}}</p>"
 ],
 "Button": {
 "General": {
 "enable": true,
 "format": "<a href='event:WotStat:General'><img src='img://../mods/configs/DMod/wotstat_img/btn_general_off.png' width='71' height='30' align='baseline' vspace='0'></a>"
 },
 "Tanks": {
 "enable": true,
 "format": "<a href='event:WotStat:Tanks'><img src='img://../mods/configs/DMod/wotstat_img/btn_tank_off.png' width='71' height='30' align='baseline' vspace='0'></a>"
 },
 "Reset": {
 "enable": true,
 "format": "<a href='event:WotStat:Reset'><img src='img://../mods/configs/DMod/wotstat_img/btn_reset.png' width='71' height='30' align='baseline' vspace='0'></a>"
 },
 "ResetYes": {
 "enable": true,
 "format": "<a href='event:WotStat:ResetYes'><img src='img://../mods/configs/DMod/wotstat_img/btn_reset_yes.png' width='36' height='30' align='baseline' vspace='0'></a>"
 },
 "ResetNo": {
 "enable": true,
 "format": "<a href='event:WotStat:ResetNo'><img src='img://../mods/configs/DMod/wotstat_img/btn_reset_no.png' width='36' height='30' align='baseline' vspace='0'></a>"
 }
 },
 "TankStat": [
 "<font size='12'><textformat leading='-4' tabstops='[65,95,135,173]'><font color='#FFE6B3'>{{vehicle}}</font>\t<font color='{{c:rWIN}}'><b>{{winsCount}}/{{battlesCount}}</b></font>\t<font color='{{c:rDAMAGE}}'><b>{{avgDamage}}</b></font>\t<font color='#FFE6B3'><b>{{totalXP}}</b></font>\t<font color='{{c:netCredits}}'><b>{{netCredits}}</b></font></font></textformat>"
 ],
 "byTankRow": [
 "<textformat leading='-8' tabstops='[65,95,135,173]'><font size='13' color='#C9B967'><b>Техника:</b>\t<b>Бои:</b>\t<b>Урон:</b>\t<b>Опыт:</b>\t<b>Кредиты:</b></font></textformat>\n",
 "<textformat leading='-25'><img src='img://../mods/configs/DMod/wotstat_img/line3.png' width='220' height='4' align='baseline' vspace='0'></textformat>\n",
 "{{TankStat}}",
 "<textformat leading='-6'>\n<p align='center'>{{ButtonGeneral}}<img src='img://../mods/configs/DMod/wotstat_img/btn_tank_on.png' width='71' height='30' align='baseline' vspace='0'>{{ButtonReset}}</p></textformat>"
 ],
 "enableResetConfirmation": true,
 "resetConfirmationText": [
 "<p align='center'><font size='16' color='#FFE6B3'>Обнулить кеш текущих показателей статистики?</font></p>",
 "<textformat leading='32'>\n<p align='center'>{{ButtonResetYes}}{{ButtonResetNo}}<img src='img://../mods/configs/DMod/wotstat_img/btn_reset_show.png' width='36' height='30' align='baseline' vspace='0'></p></textformat>"
 ],

 "showPopUp": true,
 "lifeTime": 10,
 "hidingAnimationSpeed": 4,

 "gradient" : {
 "EFF": [
 {"value": 305,   "color": "#FE0E00"},
 {"value": 742,   "color": "#FE7903"},
 {"value": 1025,  "color": "#F8F400"},
 {"value": 1357,  "color": "#60FF00"},
 {"value": 1710,  "color": "#02C9B3"},
 {"value": 1880,  "color": "#D042F3"}
 ],
 "WN8": [
 {"value": 150,   "color": "#930D0D"},
 {"value": 375,   "color": "#F11919"},
 {"value": 550,   "color": "#FF8A00"},
 {"value": 775,   "color": "#E6DF27"},
 {"value": 1050,  "color": "#77E812"},
 {"value": 1400,  "color": "#459300"},
 {"value": 1800,  "color": "#2AE4FF"},
 {"value": 2225,  "color": "#00A0B8"},
 {"value": 2675,  "color": "#C64CFF"},
 {"value": 2900,  "color": "#8225AD"}
 ],
 "avgWinRate": [
 {"value": 45,    "color": "#CC3300"},
 {"value": 50,    "color": "#FFFF00"},
 {"value": 55,    "color": "#66CC66"}
 ],
"avgHitsRate": [
 {"value": 50,    "color": "#CC3300"},
 {"value": 60,    "color": "#FF8A00"},
 {"value": 70,    "color": "#66CC66"},
 {"value": 80,    "color": "#33CCCC"}, 
 {"value": 90,    "color": "#C64CFF"} 
 ]
 },
 "palette" : {
 "netCredits": [
 {"value": -1,    "color": "#FF1010"},
 {"value": 0,     "color": "#FFFFFF"},
 {"value": 1,     "color": "#66CC66"}
 ],
 "rDAMAGE": [
 {"value": 0.34,  "color": "#CC3300"},
 {"value": 0.57,  "color": "#FE7903"},
 {"value": 0.81,  "color": "#F8F400"},
 {"value": 1.03,  "color": "#66CC66"},
 {"value": 1.22,  "color": "#33CCCC"},
 {"value": 1.57,  "color": "#C64CFF"}
 ],
 "rWIN": [
 {"value": 0.13, "color": "#CC3300"},
 {"value": 0.44, "color": "#FE7903"},
 {"value": 0.75, "color": "#F8F400"},
 {"value": 1.06, "color": "#66CC66"},
 {"value": 1.33, "color": "#33CCCC"},
 {"value": 1.58, "color": "#C64CFF"} 
 ]
 }
}