﻿{
    "colors": [
        {
            "color": "#CCCCCC",
            "type": "WN8",
            "value": 0
        },
        {
            "color": "#FFBCAD",
            "type": "WN8",
            "value": 600
        },
        {
            "color": "#FF9966",
            "type": "WN8",
            "value": 900
        },
        {
            "color": "#fbec5d",
            "type": "WN8",
            "value": 1250
        },
        {
            "color": "#90EE90",
            "type": "WN8",
            "value": 1600
        },
        {
            "color": "#00FF00",
            "type": "WN8",
            "value": 1900
        },
        {
            "color": "#33CCCC",
            "type": "WN8",
            "value": 2350
        },
        {
            "color": "#FF73FF",
            "type": "WN8",
            "value": 2880
        },
        {
            "color": "#bd33a4",
            "type": "WN8",
            "value": 2900
        },
        {
            "color": "#FFBCAD",
            "type": "EFF",
            "value": 0
        },
        {
            "color": "#FF9966",
            "type": "EFF",
            "value": 600
        },
        {
            "color": "#D9D900",
            "type": "EFF",
            "value": 900
        },
        {
            "color": "#36D900",
            "type": "EFF",
            "value": 1200
        },
        {
            "color": "#2693FF",
            "type": "EFF",
            "value": 1500
        },
        {
            "color": "#bd33a4",
            "type": "EFF",
            "value": 1800
        },
        {
            "color": "#FFBCAD",
            "type": "diff",
            "value": "less"
        },
        {
            "color": "#FF9000",
            "type": "diff",
            "value": "same"
        },
        {
            "color": "#90EE90",
            "type": "diff",
            "value": "more"
        },
        {
            "color": "#67C8FF",
            "type": "weight",
            "value": "same"
        },
        {
            "color": "#90EE90",
            "type": "weight",
            "value": "less"
        },
        {
            "color": "#FFBCAD",
            "type": "weight",
            "value": "more"
        },
        {
            "color": "#A2FF9A",
            "type": "class",
            "value": "lightTank"
        },
        {
            "color": "#FFF198",
            "type": "class",
            "value": "mediumTank"
        },
        {
            "color": "#FFACAC",
            "type": "class",
            "value": "heavyTank"
        },
        {
            "color": "#EFAEFF",
            "type": "class",
            "value": "SPG"
        },
        {
            "color": "#A0CFFF",
            "type": "class",
            "value": "AT-SPG"
        },
        {
            "color": "#FFFF00",
            "type": "damage",
            "value": "Shot"
        },
        {
            "color": "#FFFF10",
            "type": "damage",
            "value": "Fire"
        },
        {
            "color": "#FFFF20",
            "type": "damage",
            "value": "Ram"
        },
        {
            "color": "#FFFF30",
            "type": "damage",
            "value": "Fall"
        },
        {
            "color": "#",
            "type": "damage",
            "value": "Expl"
        },
        {
            "color": "#FFFF50",
            "type": "damage",
            "value": "Drown"
        },
        {
            "color": "#C0C0C0",
            "type": "ammo",
            "value": "credit"
        },
        {
            "color": "#FFD700",
            "type": "ammo",
            "value": "gold"
        },
        {
            "color": "#2693FF",
            "type": "team",
            "value": "ally"
        },
        {
            "color": "#EEEEEE",
            "type": "team",
            "value": "enemy"
        },
        {
            "color": "#FF0000",
            "type": "hit",
            "value": "pen"
        },
        {
            "color": "#00FF00",
            "type": "hit",
            "value": "bounce"
        },
        {
            "color": "#6599FF",
            "type": "hit",
            "value": "ally"
        }
    ]
}