﻿{
   "dmgLog": {
        "background": {
            "alpha": 80,
            "enable": false,
            "height": 90,
            "image": "gui/maps/bg.png",
            "width": 110,
            "x": 284,
            "y": 443
        },
        "shadow": {
            "alpha": 100,
            "angle": 0,
            "color": "#000000",
            "distance": 0,
            "enable": true,
            "size": 4,
            "strength": 100
        },
        "text": {
            "alignX": "left",
            "alignY": "bottom",
			"countLine": 8,
            "format": "<textformat tabstops='[18,75,125,235]' leading='5'><font size='10' face='Trebuchet MS'><b>{DL_HitNr} -</b></font><tab><font size='11' face='Trebuchet MS'><b>{DL_AttackerDamage}</b></font><tab><img src='img://gui/maps/icons/shell/small/{DL_ShellName}.png' width='16' height='16' align='baseline' vspace='-12'><font color='{colorAmmo}' size='9'><b>{DL_AttackerAmmo}</b></font><tab><font size='11' face='Trebuchet MS'>{DL_AttackerTankClass}<font color='{colorClass}'><b>{DL_AttackerTank}</b></font><tab><font size='9' face='Trebuchet MS' color='FFA07A'>{DL_AttackerReload}</font></textformat>",
			"altFormat": "<textformat tabstops='[18,75,125,235]' leading='5'><font size='10' face='Trebuchet MS'><b>{DL_HitNr} -</b></font><tab><font size='11' face='Trebuchet MS'><b>{DL_AttackerDamage}</b></font><tab><img src='img://gui/maps/icons/shell/small/{DL_ShellName}.png' width='16' height='16' align='baseline' vspace='-12'><font color='{colorAmmo}' size='9'><b>{DL_AttackerAmmo}</b></font><tab><font size='11' face='Trebuchet MS'>{DL_AttackerTankClass}<font color='{colorClass}'><b>{DL_AttackerName}</b></font><tab><font size='9' face='Trebuchet MS' color='FFA07A'>{DL_AttackerReload}</font></textformat>",
            "x": 235,
            "y": -170
        }
    }
}