﻿{
   "expD": {
        "background": {
            "alpha": 80,
            "enable": false,
            "height": 90,
            "image": "gui/maps/bg.png",
            "width": 110,
            "x": 284,
            "y": 443
        },
        "shadow": {
            "alpha": 100,
            "angle": 0,
            "color": "#000000",
            "distance": 0,
            "enable": true,
            "size": 4,
            "strength": 100
        },
        "text": {
            "alignX": "right",
            "alignY": "top",
            "format": "<font size='12' face='Trebuchet MS' color='dbd7d2'>Норма: <font color='{colorDiff}'><b>{HL_Diff}</b></font>   WN8: <font color='{colorWN8}'><b>{HL_WN8}</b></font>   EFF: <font color='{colorEFF}'><b>{HL_EFF}</b></font></font>",
            "x": -250,
            "y": 36
        }
    }
}