﻿{
    "hitLog": {
	    "altMode": false,
        "background": {
            "alpha": 80,
            "enable": false,
            "height": 90,
            "image": "gui/maps/bg.png",
            "width": 110,
            "x": 284,
            "y": 443
        },
        "shadow": {
            "alpha": 100,
            "angle": 0,
            "color": "#000000",
            "distance": 0,
            "enable": true,
            "size": 4,
            "strength": 100
        },
        "text": {
            "alignX": "left",
            "alignY": "top",
			"countLine": 8,
            "format": "<textformat tabstops='[15,65,105,175]' leading='0'><font color='#e6e6e6' size='10' face='Trebuchet MS'>x{HL_Hits}<tab><img src='img://../mods/configs/Dmod/multiHitLog/Damagedp/1.png' width='20' height='20' align='baseline' vspace='-10'>  <b><font size='10'>{HL_TotalDamage}<tab>|</font><font color='#ffb892' size='10'>{HL_LastDamage}  | </font><tab><font color='{colorClass}'>{HL_TankClass} {HL_Tank}</b></font><tab>| <font size='10'><b>{HL_Name}</b></font><tab>  {HL_Killed}</font>",
            "x": 350,
            "y": 37
        }
    }
}