﻿{
    "hitLogHeader": {
        "background": {
            "alpha": 80,
            "enable": false,
            "height": 90,
            "image": "gui/maps/bg.png",
            "width": 110,
            "x": 284,
            "y": 443
        },
        "shadow": {
            "alpha": 100,
            "angle": 0,
            "color": "#000000",
            "distance": 0,
            "enable": true,
            "size": 4,
            "strength": 100
        },
        "text": {
            "alignX": "left",
            "alignY": "top",
			"killedText": "<img src='img://../mods/configs/Dmod/multiHitLog/Damagedp/tan.png' width='45' height='14' vspace='0'>",
            "format": "<font size='12' face='Trebuchet MS' color='dbd7d2'>Всего урона:</font> <font color='#ffb892' size='14'><b>{HL_DMG}</b></font>   <font size='12' face='Trebuchet MS' color='dbd7d2'>Последний:</font> <font color='#dbd7d2' size='14'><b>{HL_LastDMG}</b>  {HLH_Killed}</font>",
            "x": 270,
            "y": 7
        }
    }
}