﻿{
    "infoPanel": {
        "background": {
            "alpha": 80,
            "enable": false,
            "height": 90,
            "image": "gui/maps/bg.png",
            "width": 110,
            "x": 284,
            "y": 443
        },
        "shadow": {
            "alpha": 100,
            "angle": 0,
            "color": "#000000",
            "distance": 0,
            "enable": true,
            "size": 4,
            "strength": 100
        },
        "text": {
            "alignX": "right",
            "alignY": "top",
            "format": "<img src='img://../mods/configs/Dmod/multiHitLog/Damagedp/tan.png' width='45' height='14' vspace='0'> <font color='#dbd7d2' size='12' face='Trebuchet MS'> Инфа:</font> <font color='{colorClass}' size='12' face='Trebuchet MS'> {IP_TankClass}{IP_TankName}</font> <br><font color='#dbd7d2' size='11' face='Trebuchet MS'> Видимость:</font><font color='#CCFFFF' size='12' face='Trebuchet MS'><b>{IP_ViewRange}m</b><br></font><font color='#dbd7d2' size='11' face='Trebuchet MS'> Перезарядка:</font><font color='#ff8000' size='12' face='Trebuchet MS'><b>{IP_Reload}c</b><br></font><font color='#dbd7d2' size='11' face='Trebuchet MS'> Пробите(бб):</font><font color='#d0e3f7' size='12' face='Trebuchet MS'><b>{IP_AmmoPen1}</b><br></font><font color='#dbd7d2' size='11' face='Trebuchet MS'> Броня (башня/корпус):</font><font color='#CCCCFF' size='12' face='Trebuchet MS'><b>{IP_TurretF} / {IP_HullF}</b></font>",
            "x": -250,
            "y": 470
        }
    }
}