﻿{
    "timerLog": {
        "background": {
            "alpha": 80,
            "enable": false,
            "height": 90,
            "image": "gui/maps/bg.png",
            "width": 110,
            "x": 284,
            "y": 443
        },
        "shadow": {
            "alpha": 100,
            "angle": 0,
            "color": "#000000",
            "distance": 0,
            "enable": true,
            "size": 4,
            "strength": 100
        },
        "text": {
            "alignX": "left",
            "alignY": "bottom",
            "start": "<font size='12' face='Trebuchet MS' color='dbd7d2'>{reloadGun}   {tankName}</font>",
			"stop": "<font size='12' face='Trebuchet MS' color='dbd7d2'>{tankName} Перезарядился</font>",
            "x": 295,
            "y": -280
        }
    }
}