<ArtiP>
    <!-- Версия XML файла -->
    <versionMod>AP 0.9.17 Full 004</versionMod>

    <!-- Вкл.мода по умолчанию -->
    <modEnable>True</modEnable>
    <!-- Клавиша переключения режимов мода -->
    <toggleKey>LALT and KEY_NUMPAD2</toggleKey>
    <!-- Вкл.интерактивность настроек (применяется только после перезагрузки клиента)-->
    <interactivSettings>False</interactivSettings>
    <!-- Автоматически загружать данные при изменении конфигурации на лету -->
    <!-- если False, то загрузка по комбинации клав. CTRL + toggleKey (см. выше) -->
    <autoLoadConf>True</autoLoadConf>
    <!-- Клавиша принудительного включения маркеров -->
    <altKey>KEY_LALT</altKey>

    <!-- Время отображения местоположения объектов -->
    <visibleTime>120.0</visibleTime>
    <!-- Вариант окраски маркера примерного положения цели на миникарте: teamKiller (синий), squadman (жёлтый), ally (зелёный), enemy (красный) -->
    <markerTypeAbout>teamKiller</markerTypeAbout>
    <!-- Вариант окраски маркера точного положения цели на миникарте: teamKiller (синий), squadman (жёлтый), ally (зелёный), enemy (красный) -->
    <markerTypeExact>squadman</markerTypeExact>
    <!-- Только для артиллерии -->
    <onlySPG>True</onlySPG>
    <!-- Реакция на тип техники, в список можете включать через запятую: lightTank, mediumTank, heavyTank, SPG, AT-SPG -->
    <!-- Рекомендуется использовать только SPG -->
    <class_list>SPG</class_list>

    <!-- Строить траекторию снаряда при попадании, только SPG -->
    <trajectBuild>True</trajectBuild>
    <!-- Время отображения траектории -->
    <trajectTime>5.0</trajectTime>
    
</ArtiP>